TRUNCATE TABLE user_has_roles;
TRUNCATE TABLE roles CASCADE;
TRUNCATE TABLE users CASCADE;

INSERT INTO users (USERNAME, PASSWORD, NAME, SURNAME, EMAIL, ACTIVE)
VALUES ('super', '$2a$10$SIEehouggTGGxNQJuSXk6OPb73phJ89xHBpZ.OT6F6FNqoGiWL.Vq', 'super', 'super', 'super@mybar.com', '1');
INSERT INTO users (USERNAME, PASSWORD, NAME, SURNAME, EMAIL, ACTIVE)
VALUES ('admin', '$2a$10$gZVn7/I2RWs5w6VjeGm/JuAJBygpv0Qa5d9Yxb/MXnY/TC4CBAvQm', 'admin', 'admin', 'admin@mybar.com', '1');
INSERT INTO users (USERNAME, PASSWORD, NAME, SURNAME, EMAIL, ACTIVE)
VALUES ('inactive', '$2a$10$HKYtPRhzBZVjxDlbpNS5lu6hDaw7YoI0Fh/JT7yIMJbHbnWRwbn9q', 'inactive', 'admin', 'inactive.admin@mybar.com', '0');
INSERT INTO users (USERNAME, PASSWORD, NAME, SURNAME, EMAIL, ACTIVE)
VALUES ('JohnDoe', '$2a$10$AYsk4.yaHWs.mfZqtLrem.HnSrmCfUjFi/GDyf4BqMb9NiI016lA2', 'John', 'Doe', 'john.doe@mybar.com', '1');
INSERT INTO users (USERNAME, PASSWORD, NAME, SURNAME, EMAIL, ACTIVE)
VALUES ('test', '$2a$10$qb5rqI6oFyDmXZ1klN3XkOCn3EY0izoAgErQrh99yYjOmgMkNN8GS', 'Test', 'User', 'test.user@mybar.com', '1');

INSERT INTO roles (ROLE_NAME, DESCRIPTION) VALUES ('ROLE_SUPER', 'Full-powered administrator. Audit. View reports.');
INSERT INTO roles (ROLE_NAME, DESCRIPTION) VALUES ('ROLE_ADMIN', 'User administrator role.');
INSERT INTO roles (ROLE_NAME, DESCRIPTION) VALUES ('ROLE_USER', 'Regular user role. Create/manage individual cocktails. Manage personal shelf.');

INSERT INTO user_has_roles (USERNAME, ROLE_NAME) VALUES ('super', 'ROLE_SUPER');
INSERT INTO user_has_roles (USERNAME, ROLE_NAME) VALUES ('admin', 'ROLE_ADMIN');
INSERT INTO user_has_roles (USERNAME, ROLE_NAME) VALUES ('inactive', 'ROLE_USER');
INSERT INTO user_has_roles (USERNAME, ROLE_NAME) VALUES ('JohnDoe', 'ROLE_SUPER');
INSERT INTO user_has_roles (USERNAME, ROLE_NAME) VALUES ('JohnDoe', 'ROLE_USER');
INSERT INTO user_has_roles (USERNAME, ROLE_NAME) VALUES ('test', 'ROLE_USER');
